{
  "prepare_queue": {
    "installed": [],
    "uninstalled": []
  },
  "config_munge": {
    "files": {
      "config.xml": {
        "parents": {
          "/*": [
            {
              "xml": "<feature name=\"Camera\"><param name=\"browser-package\" value=\"Camera\" /></feature>",
              "count": 1
            },
            {
              "xml": "<feature name=\"Device\"><param name=\"browser-package\" value=\"Device\" /></feature>",
              "count": 1
            }
          ]
        }
      }
    }
  },
  "installed_plugins": {
    "cordova-plugin-battery-status": {
      "PACKAGE_NAME": "com.example.mydeviceonsen"
    },
    "cordova-plugin-camera": {
      "PACKAGE_NAME": "com.example.mydeviceonsen"
    },
    "cordova-plugin-device": {
      "PACKAGE_NAME": "com.example.mydeviceonsen"
    },
    "cordova-plugin-geolocation": {
      "GPS_REQUIRED": "true",
      "PACKAGE_NAME": "com.example.mydeviceonsen"
    },
    "cordova-plugin-network-information": {
      "PACKAGE_NAME": "com.example.mydeviceonsen"
    },
    "cordova-plugin-vibration": {
      "PACKAGE_NAME": "com.example.mydeviceonsen"
    }
  },
  "dependent_plugins": {},
  "modules": [
    {
      "file": "plugins/cordova-plugin-battery-status/www/battery.js",
      "id": "cordova-plugin-battery-status.battery",
      "pluginId": "cordova-plugin-battery-status",
      "clobbers": [
        "navigator.battery"
      ]
    },
    {
      "file": "plugins/cordova-plugin-battery-status/src/browser/BatteryProxy.js",
      "id": "cordova-plugin-battery-status.Battery",
      "pluginId": "cordova-plugin-battery-status",
      "runs": true
    },
    {
      "file": "plugins/cordova-plugin-camera/www/CameraConstants.js",
      "id": "cordova-plugin-camera.Camera",
      "pluginId": "cordova-plugin-camera",
      "clobbers": [
        "Camera"
      ]
    },
    {
      "file": "plugins/cordova-plugin-camera/www/CameraPopoverOptions.js",
      "id": "cordova-plugin-camera.CameraPopoverOptions",
      "pluginId": "cordova-plugin-camera",
      "clobbers": [
        "CameraPopoverOptions"
      ]
    },
    {
      "file": "plugins/cordova-plugin-camera/www/Camera.js",
      "id": "cordova-plugin-camera.camera",
      "pluginId": "cordova-plugin-camera",
      "clobbers": [
        "navigator.camera"
      ]
    },
    {
      "file": "plugins/cordova-plugin-camera/src/browser/CameraProxy.js",
      "id": "cordova-plugin-camera.CameraProxy",
      "pluginId": "cordova-plugin-camera",
      "runs": true
    },
    {
      "file": "plugins/cordova-plugin-device/www/device.js",
      "id": "cordova-plugin-device.device",
      "pluginId": "cordova-plugin-device",
      "clobbers": [
        "device"
      ]
    },
    {
      "file": "plugins/cordova-plugin-device/src/browser/DeviceProxy.js",
      "id": "cordova-plugin-device.DeviceProxy",
      "pluginId": "cordova-plugin-device",
      "runs": true
    },
    {
      "file": "plugins/cordova-plugin-network-information/www/network.js",
      "id": "cordova-plugin-network-information.network",
      "pluginId": "cordova-plugin-network-information",
      "clobbers": [
        "navigator.connection"
      ]
    },
    {
      "file": "plugins/cordova-plugin-network-information/www/Connection.js",
      "id": "cordova-plugin-network-information.Connection",
      "pluginId": "cordova-plugin-network-information",
      "clobbers": [
        "Connection"
      ]
    },
    {
      "file": "plugins/cordova-plugin-network-information/src/browser/network.js",
      "id": "cordova-plugin-network-information.NetworkInfoProxy",
      "pluginId": "cordova-plugin-network-information",
      "runs": true
    },
    {
      "file": "plugins/cordova-plugin-vibration/src/browser/Vibration.js",
      "id": "cordova-plugin-vibration.Vibration",
      "pluginId": "cordova-plugin-vibration",
      "merges": [
        "navigator"
      ]
    },
    {
      "file": "plugins/cordova-plugin-vibration/www/vibration.js",
      "id": "cordova-plugin-vibration.notification",
      "pluginId": "cordova-plugin-vibration",
      "merges": [
        "navigator"
      ]
    }
  ],
  "plugin_metadata": {
    "cordova-plugin-battery-status": "2.0.3",
    "cordova-plugin-camera": "8.0.0",
    "cordova-plugin-device": "3.0.0",
    "cordova-plugin-geolocation": "5.0.0",
    "cordova-plugin-network-information": "3.0.0",
    "cordova-plugin-vibration": "3.1.1"
  }
}
