{"plugins":{"cordova-plugin-geolocation":"C:\\Users\\Stella\\AppData\\Roaming\\npm\\node_modules\\cordova-simulate\\src\\plugins\\cordova-plugin-geolocation","exec":"C:\\Users\\Stella\\AppData\\Roaming\\npm\\node_modules\\cordova-simulate\\src\\plugins\\exec","events":"C:\\Users\\Stella\\AppData\\Roaming\\npm\\node_modules\\cordova-simulate\\src\\plugins\\events","cordova-plugin-device":"C:\\Users\\Stella\\AppData\\Roaming\\npm\\node_modules\\cordova-simulate\\src\\plugins\\cordova-plugin-device","cordova-plugin-battery-status":"C:\\Users\\Stella\\AppData\\Roaming\\npm\\node_modules\\cordova-simulate\\src\\plugins\\cordova-plugin-battery-status","cordova-plugin-camera":"C:\\Users\\Stella\\AppData\\Roaming\\npm\\node_modules\\cordova-simulate\\src\\plugins\\cordova-plugin-camera","cordova-plugin-network-information":"C:\\Users\\Stella\\AppData\\Roaming\\npm\\node_modules\\cordova-simulate\\src\\plugins\\cordova-plugin-network-information","cordova-plugin-vibration":"C:\\Users\\Stella\\AppData\\Roaming\\npm\\node_modules\\cordova-simulate\\src\\plugins\\cordova-plugin-vibration"},"files":{"C:\\Users\\Stella\\AppData\\Roaming\\npm\\node_modules\\cordova-simulate\\src\\modules\\argscheck.js":1740754038051,"C:\\Users\\Stella\\AppData\\Roaming\\npm\\node_modules\\cordova-simulate\\src\\app-host\\app-host.js":1740754038041,"C:\\Users\\Stella\\AppData\\Roaming\\npm\\node_modules\\cordova-simulate\\src\\modules\\db.js":1740754038078,"C:\\Users\\Stella\\AppData\\Roaming\\npm\\node_modules\\cordova-simulate\\src\\modules\\polyfills.js":1740754038121,"C:\\Users\\Stella\\AppData\\Roaming\\npm\\node_modules\\cordova-simulate\\src\\modules\\exception.js":1740754038089,"C:\\Users\\Stella\\AppData\\Roaming\\npm\\node_modules\\cordova-simulate\\src\\modules\\telemetry-helper.js":1740754038163,"C:\\Users\\Stella\\AppData\\Roaming\\npm\\node_modules\\cordova-simulate\\src\\modules\\utils.js":1740754038167,"C:\\Users\\Stella\\AppData\\Roaming\\npm\\node_modules\\cordova-simulate\\src\\modules\\messages.js":1740754038117,"C:\\Users\\Stella\\AppData\\Roaming\\npm\\node_modules\\cordova-simulate\\src\\modules\\event.js":1740754038088,"C:\\Users\\Stella\\AppData\\Roaming\\npm\\node_modules\\cordova-simulate\\src\\modules\\xhr-proxy.js":1740754038172,"C:\\Users\\Stella\\AppData\\Roaming\\npm\\node_modules\\cordova-simulate\\src\\modules\\sim-constants.js":1740754038134,"C:\\Users\\Stella\\AppData\\Roaming\\npm\\node_modules\\cordova-simulate\\src\\third-party\\jquery.min.js":1740754038104,"C:\\Users\\Stella\\AppData\\Roaming\\npm\\node_modules\\cordova-simulate\\src\\third-party\\webcomponents.min.js":1740754038171,"C:\\Users\\Stella\\AppData\\Roaming\\npm\\node_modules\\cordova-simulate\\src\\third-party\\socket.io.js":1740754038160,"C:\\Users\\Stella\\AppData\\Roaming\\npm\\node_modules\\cordova-simulate\\src\\plugins\\cordova-plugin-device\\app-host.js":1740754038050,"C:\\Users\\Stella\\AppData\\Roaming\\npm\\node_modules\\cordova-simulate\\src\\plugins\\cordova-plugin-camera\\app-host-handlers.js":1740754038038,"C:\\Users\\Stella\\AppData\\Roaming\\npm\\node_modules\\cordova-simulate\\src\\plugins\\cordova-plugin-vibration\\app-host.js":1740754038051,"C:\\Users\\Stella\\AppData\\Roaming\\npm\\node_modules\\cordova-simulate\\src\\plugins\\events\\app-host.js":1740754038051,"C:\\Users\\Stella\\AppData\\Roaming\\npm\\node_modules\\cordova-simulate\\src\\plugins\\cordova-plugin-geolocation\\app-host-clobbers.js":1740754038033,"C:\\Users\\Stella\\AppData\\Roaming\\npm\\node_modules\\cordova-simulate\\src\\plugins\\cordova-plugin-geolocation\\Position.js":1740754038121,"C:\\Users\\Stella\\AppData\\Roaming\\npm\\node_modules\\cordova-simulate\\src\\app-host\\touch-events.js":1740754038166,"C:\\Users\\Stella\\AppData\\Roaming\\npm\\node_modules\\cordova-simulate\\src\\app-host\\live-reload-client.js":1740754038104,"C:\\Users\\Stella\\AppData\\Roaming\\npm\\node_modules\\cordova-simulate\\src\\plugins\\cordova-plugin-geolocation\\PositionError.js":1740754038121,"C:\\Users\\Stella\\AppData\\Roaming\\npm\\node_modules\\cordova-simulate\\src\\plugins\\cordova-plugin-geolocation\\Coordinates.js":1740754038072,"C:\\Users\\Stella\\AppData\\Roaming\\npm\\node_modules\\cordova-simulate\\node_modules\\url\\url.js":1740754037335,"C:\\Users\\Stella\\AppData\\Roaming\\npm\\node_modules\\cordova-simulate\\node_modules\\qs\\lib\\index.js":1740754037313,"C:\\Users\\Stella\\AppData\\Roaming\\npm\\node_modules\\cordova-simulate\\node_modules\\punycode\\punycode.js":1740754037149,"C:\\Users\\Stella\\AppData\\Roaming\\npm\\node_modules\\cordova-simulate\\node_modules\\qs\\lib\\stringify.js":1740754037526,"C:\\Users\\Stella\\AppData\\Roaming\\npm\\node_modules\\cordova-simulate\\node_modules\\qs\\lib\\parse.js":1740754037358,"C:\\Users\\Stella\\AppData\\Roaming\\npm\\node_modules\\cordova-simulate\\node_modules\\qs\\lib\\formats.js":1740754037276,"C:\\Users\\Stella\\AppData\\Roaming\\npm\\node_modules\\cordova-simulate\\node_modules\\qs\\lib\\utils.js":1740754037560,"C:\\Users\\Stella\\AppData\\Roaming\\npm\\node_modules\\cordova-simulate\\node_modules\\side-channel\\index.js":1740754037241,"C:\\Users\\Stella\\AppData\\Roaming\\npm\\node_modules\\cordova-simulate\\node_modules\\es-errors\\type.js":1740754037400,"C:\\Users\\Stella\\AppData\\Roaming\\npm\\node_modules\\cordova-simulate\\node_modules\\object-inspect\\index.js":1740754037585,"C:\\Users\\Stella\\AppData\\Roaming\\npm\\node_modules\\cordova-simulate\\node_modules\\side-channel-weakmap\\index.js":1740754037239,"C:\\Users\\Stella\\AppData\\Roaming\\npm\\node_modules\\cordova-simulate\\node_modules\\side-channel-list\\index.js":1740754037240,"C:\\Users\\Stella\\AppData\\Roaming\\npm\\node_modules\\cordova-simulate\\node_modules\\side-channel-map\\index.js":1740754037240,"C:\\Users\\Stella\\AppData\\Roaming\\npm\\node_modules\\cordova-simulate\\node_modules\\browser-resolve\\empty.js":1740754037060,"C:\\Users\\Stella\\AppData\\Roaming\\npm\\node_modules\\cordova-simulate\\node_modules\\get-intrinsic\\index.js":1740754037271,"C:\\Users\\Stella\\AppData\\Roaming\\npm\\node_modules\\cordova-simulate\\node_modules\\call-bound\\index.js":1740754037179,"C:\\Users\\Stella\\AppData\\Roaming\\npm\\node_modules\\cordova-simulate\\node_modules\\es-errors\\ref.js":1740754037335,"C:\\Users\\Stella\\AppData\\Roaming\\npm\\node_modules\\cordova-simulate\\node_modules\\math-intrinsics\\floor.js":1740754037179,"C:\\Users\\Stella\\AppData\\Roaming\\npm\\node_modules\\cordova-simulate\\node_modules\\es-errors\\eval.js":1740754037118,"C:\\Users\\Stella\\AppData\\Roaming\\npm\\node_modules\\cordova-simulate\\node_modules\\es-errors\\range.js":1740754037302,"C:\\Users\\Stella\\AppData\\Roaming\\npm\\node_modules\\cordova-simulate\\node_modules\\math-intrinsics\\abs.js":1740754037118,"C:\\Users\\Stella\\AppData\\Roaming\\npm\\node_modules\\cordova-simulate\\node_modules\\math-intrinsics\\max.js":1740754037422,"C:\\Users\\Stella\\AppData\\Roaming\\npm\\node_modules\\cordova-simulate\\node_modules\\es-errors\\syntax.js":1740754037375,"C:\\Users\\Stella\\AppData\\Roaming\\npm\\node_modules\\cordova-simulate\\node_modules\\math-intrinsics\\pow.js":1740754037562,"C:\\Users\\Stella\\AppData\\Roaming\\npm\\node_modules\\cordova-simulate\\node_modules\\math-intrinsics\\round.js":1740754037572,"C:\\Users\\Stella\\AppData\\Roaming\\npm\\node_modules\\cordova-simulate\\node_modules\\math-intrinsics\\sign.js":1740754037572,"C:\\Users\\Stella\\AppData\\Roaming\\npm\\node_modules\\cordova-simulate\\node_modules\\math-intrinsics\\min.js":1740754037538,"C:\\Users\\Stella\\AppData\\Roaming\\npm\\node_modules\\cordova-simulate\\node_modules\\get-proto\\Reflect.getPrototypeOf.js":1740754037335,"C:\\Users\\Stella\\AppData\\Roaming\\npm\\node_modules\\cordova-simulate\\node_modules\\call-bind-apply-helpers\\functionApply.js":1740754037292,"C:\\Users\\Stella\\AppData\\Roaming\\npm\\node_modules\\cordova-simulate\\node_modules\\es-errors\\uri.js":1740754037422,"C:\\Users\\Stella\\AppData\\Roaming\\npm\\node_modules\\cordova-simulate\\node_modules\\get-proto\\Object.getPrototypeOf.js":1740754037303,"C:\\Users\\Stella\\AppData\\Roaming\\npm\\node_modules\\cordova-simulate\\node_modules\\call-bind-apply-helpers\\functionCall.js":1740754037322,"C:\\Users\\Stella\\AppData\\Roaming\\npm\\node_modules\\cordova-simulate\\node_modules\\es-errors\\index.js":1740754037179,"C:\\Users\\Stella\\AppData\\Roaming\\npm\\node_modules\\cordova-simulate\\node_modules\\es-object-atoms\\index.js":1740754037118,"C:\\Users\\Stella\\AppData\\Roaming\\npm\\node_modules\\cordova-simulate\\node_modules\\es-define-property\\index.js":1740754037179,"C:\\Users\\Stella\\AppData\\Roaming\\npm\\node_modules\\cordova-simulate\\node_modules\\gopd\\index.js":1740754037179,"C:\\Users\\Stella\\AppData\\Roaming\\npm\\node_modules\\cordova-simulate\\node_modules\\has-symbols\\index.js":1740754037310,"C:\\Users\\Stella\\AppData\\Roaming\\npm\\node_modules\\cordova-simulate\\node_modules\\get-proto\\index.js":1740754037179,"C:\\Users\\Stella\\AppData\\Roaming\\npm\\node_modules\\cordova-simulate\\node_modules\\call-bind-apply-helpers\\index.js":1740754037358,"C:\\Users\\Stella\\AppData\\Roaming\\npm\\node_modules\\cordova-simulate\\node_modules\\hasown\\index.js":1740754037193,"C:\\Users\\Stella\\AppData\\Roaming\\npm\\node_modules\\cordova-simulate\\node_modules\\function-bind\\index.js":1740754037303,"C:\\Users\\Stella\\AppData\\Roaming\\npm\\node_modules\\cordova-simulate\\node_modules\\math-intrinsics\\isNaN.js":1740754037375,"C:\\Users\\Stella\\AppData\\Roaming\\npm\\node_modules\\cordova-simulate\\node_modules\\gopd\\gOPD.js":1740754037118,"C:\\Users\\Stella\\AppData\\Roaming\\npm\\node_modules\\cordova-simulate\\node_modules\\has-symbols\\shams.js":1740754037390,"C:\\Users\\Stella\\AppData\\Roaming\\npm\\node_modules\\cordova-simulate\\node_modules\\call-bind-apply-helpers\\actualApply.js":1740754037179,"C:\\Users\\Stella\\AppData\\Roaming\\npm\\node_modules\\cordova-simulate\\node_modules\\function-bind\\implementation.js":1740754037259,"C:\\Users\\Stella\\AppData\\Roaming\\npm\\node_modules\\cordova-simulate\\node_modules\\dunder-proto\\get.js":1740754037179,"C:\\Users\\Stella\\AppData\\Roaming\\npm\\node_modules\\cordova-simulate\\node_modules\\call-bind-apply-helpers\\reflectApply.js":1740754037423}}